{
  "features": {
    "_": {
      "type": "checklist",
      "tag": "internal",
      "enum": [
        {
          "tag": "art22bis",
          "condition": "tags.area_industriale or tags.discarica or tags.cava"
        },
        {
          "tag": "art47_dl13_2023",
          "condition": "tags.art22bis or tags.suitable_area or not tags.unsuitable_national_guidelines"
        },
        {
          "tag": "screening_500kw",
          "condition": "not tags.art47_dl13_2023 and tags.screening_criteria"
        },
        {
          "tag": "screening_1mw",
          "condition": "not tags.art47_dl13_2023 and not tags.screening_criteria"
        },
        {
          "tag": "screening_5mw",
          "condition": "tags.art47_dl13_2023 and tags.screening_criteria"
        },
        {
          "tag": "screening_10mw",
          "condition": "tags.art47_dl13_2023 and not tags.screening_criteria"
        },
        {
          "tag": "possible_screening",
          "condition": "not tags.screening and not tags.via and not tags.screening_criteria and ((tags.screening_1mw and tags.power >= 500) or (tags.screening_10mw and tags.power >= 5000))"
        },
        {
          "tag": "screening",
          "condition": "not tags.via and ((tags.screening_500kw and tags.power >= 500) or (tags.screening_1mw and tags.power >= 1000) or (tags.screening_5mw and tags.power >= 5000) or (tags.screening_10mw and tags.power >= 10000))"
        },
        {
          "tag": "via",
          "condition": "(tags.art47_dl13_2023 and tags.power >= 20000) or (not tags.art47_dl13_2023 and tags.power >= 10000)"
        },
        {
          "tag": "dlgs42_2004_constraints",
          "condition": "tags.landscape_constraint_art142 or tags.landscape_constraint_art136 or tags.has_cultural_constraints"
        },
        {
          "tag": "par12_1a_national_guidelines",
          "condition": "tags.on_rooftop and tags.rooftop_integrated and tags.rooftop_same_inclination and tags.rooftop_unmodified and tags.rooftop_same_surface and not tags.dlgs42_2004_constraints"
        },
        {
          "tag": "par12_1b_national_guidelines",
          "condition": "(tags.on_rooftop or tags.on_infrastructure) and tags.power < 50 and not tags.zone_a"
        },
        {
          "tag": "par12_2a_national_guidelines",
          "condition": "tags.on_rooftop and tags.rooftop_same_surface and not (tags.par12_1a_national_guidelines or tags.par12_1b_national_guidelines)"
        },
        {
          "tag": "par12_2b_national_guidelines",
          "condition": "tags.power < 50 and not (tags.par12_1a_national_guidelines or tags.par12_1b_national_guidelines or tags.par12_2a_national_guidelines)"
        },
        {
          "tag": "art7bis_comma5_dlgs28_2011",
          "condition": "(tags.on_rooftop or tags.on_infrastructure)"
        },
        {
          "tag": "edilizia_libera",
          "condition": "(tags.ground_mounted and tags.art22bis) or tags.par12_1a_national_guidelines or tags.par12_1b_national_guidelines or tags.art7bis_comma5_dlgs28_2011 or tags.art11_comma1bis_dl17_2022"
        },
        {
          "tag": "art4_comma2bis_a_dlgs28_2011",
          "condition": "tags.photovoltaic_plant and (tags.new_plant or (tags.repowering and tags.no_additional_areas)) and tags.suitable_area and tags.power < 1000"
        },
        {
          "tag": "art6bis_comma1b_dlgs28_2011",
          "condition": "tags.photovoltaic_plant and tags.ground_mounted and tags.half_height_increase"
        },
        {
          "tag": "art6bis_comma1c_dlgs28_2011",
          "condition": "tags.photovoltaic_plant and tags.on_rooftop and (tags.rooftop_productive_building or (tags.rooftop_residential_building and tags.rooftop_no_increase_inclination))"
        },
        {
          "tag": "art6bis_comma1_dlgs28_2011",
          "condition": "tags.repowering and (tags.rooftop_same_surface or tags.no_additional_areas) and (tags.art6bis_comma1b_dlgs28_2011 or tags.art6bis_comma1c_dlgs28_2011)"
        },
        {
          "tag": "art6bis_comma3_dlgs28_2011",
          "condition": "not (tags.zone_a or tags.dlgs42_2004_constraints) and tags.on_rooftop and ((tags.repowering and (tags.rooftop_rural_building or tags.rooftop_productive_building or tags.rooftop_residential_building)) or (tags.new_plant and tags.rooftop_asbestos))"
        },
        {
          "tag": "dila",
          "condition": "tags.art4_comma2bis_a_dlgs28_2011 or tags.art6bis_comma1_dlgs28_2011 or tags.art6bis_comma3_dlgs28_2011"
        },
        {
          "tag": "art4_comma2bis_b_dlgs28_2011",
          "condition": "tags.photovoltaic_plant and (tags.new_plant or (tags.repowering and tags.no_additional_areas)) and tags.suitable_area and tags.power >= 1000 and tags.power < 10000"
        },
        {
          "tag": "art6_comma9bis_dlgs28_2011",
          "condition": "tags.new_plant and ((tags.suitable_area and tags.power < 10000) or (tags.agripv and tags.distance_zone_d < 3000))"
        },
        {
          "tag": "pas",
          "condition": "(not (tags.dila or tags.edilizia_libera)) and (tags.power <= tags.pas_threshold or tags.art4_comma2bis_b_dlgs28_2011 and tags.art6_comma9bis_dlgs28_2011 or tags.par12_2a_national_guidelines or tags.par12_2b_national_guidelines)"
        },
        {
          "tag": "art4_comma2bis_c_dlgs28_2011",
          "condition": "tags.photovoltaic_plant and (tags.new_plant or (tags.repowering and tags.no_additional_areas)) and tags.suitable_area and tags.power >= 10000"
        },
        {
          "tag": "au",
          "condition": "tags.art4_comma2bis_c_dlgs28_2011 or not (tags.edilizia_libera or tags.dila or tags.pas)"
        },
        {
          "tag": "art11_comma1bis_dl17_2022",
          "condition": "tags.agricultural_enterpreneur and tags.over_2m_height and tags.agricultural_integration"
        },
        {
          "tag": "landscape_constraint_art142",
          "condition": "tags.art142_a or tags.art142_b or tags.art142_c or tags.art142_d or tags.art142_e or tags.art142_f or tags.art142_g or tags.art142_h or tags.art142_i or tags.art142_l or tags.art142_m"
        },
        {
          "tag": "landscape_constraint_art136",
          "condition": "tags.art136_statale or tags.art136_regionale"
        },
        {
          "tag": "suitable_area",
          "condition": "(tags.art20_a and (tags.art20_c_ter_1 or not tags.area_increase_above_20pc)) or tags.art20_b or tags.art20_c or tags.art20_c_bis or tags.art20_c_bis_1 or tags.art20_c_ter_1 or tags.art20_c_ter_2p1 or tags.art20_c_ter_2p2 or tags.art20_c_ter_3 or tags.art20_c_quater"
        },
        {
          "tag": "suitable_area_decree",
          "condition": "(tags.art20_a and (tags.art20_c_ter_1 or not tags.area_increase_above_20pc)) or tags.art20_b or tags.art20_c or tags.art20_c_bis or tags.art20_c_bis_1 or tags.art20_c_ter_1 or tags.art20_c_ter_2p1 or tags.art20_c_ter_2p2 or tags.art20_c_ter_3 or tags.art20_c_quater"
        },
        {
          "tag": "unsuitable_national_guidelines",
          "condition": "tags.dm10sett2010_1 or tags.dm10sett2010_2 or tags.dm10sett2010_3 or tags.EUAP or tags.ramsar or tags.rete_natura_2000 or tags.dm10sett2010_7 or tags.dm10sett2010_8 or tags.dm10sett2010_9 or tags.dm10sett2010_10 or tags.dm10sett2010_11"
        },
        {
          "tag": "screening_criteria",
          "condition": "tags.screening_criteria_4_1 or tags.screening_criteria_4_2 or tags.screening_criteria_4_3_1 or tags.screening_criteria_4_3_2 or tags.screening_criteria_4_3_3s1 or tags.screening_criteria_4_3_3s2 or tags.screening_criteria_4_3_4 or tags.screening_criteria_4_3_5 or tags.screening_criteria_4_3_6 or tags.screening_criteria_4_3_7 or tags.screening_criteria_4_3_8"
        }
      ]
    },
    "general_info": {
      "section": "Informazioni generali",
      "title": "Informazioni generali",
      "type": "checkform",
      "feature_order": [
        "project_name",
        "intervention_type",
        "renewable_plant_type",
        "project_subtype",
        "power",
        "location",
        "distance_zone_d",
        "pas_threshold",
        "region",
        "municipality",
        "parcels",
        "extension"
      ],
      "properties": {
        "project_name": {
          "title": "Nome Progetto",
          "tag": "project_name",
          "type": "string",
          "default": ""
        },
        "intervention_type": {
          "title": "Tipologia intervento",
          "tag": "intervention_type",
          "type": "select",
          "default": "new_plant",
          "enum": [
            {
              "title": "nuova installazione",
              "tag": "new_plant"
            },
            {
              "title": "modifica, potenziamento, rifacimento",
              "tag": "repowering"
            }
          ]
        },
        "renewable_plant_type": {
          "title": "Tipologia impianto",
          "tag": "renewable_plant_type",
          "type": "select",
          "default": "photovoltaic_plant",
          "enum": [
            {
              "title": "impianto fotovoltaico",
              "tag": "photovoltaic_plant"
            },
            {
              "title": "impianto solare termico",
              "tag": "solar_thermal_plant",
              "disabled": true
            },
            {
              "title": "impianto eolico",
              "tag": "wind_farm",
              "disabled": true
            },
            {
              "title": "impianto idroelettrico",
              "tag": "hydroelectric_plant",
              "disabled": true
            }
          ]
        },
        "project_subtype": {
          "title": "Sottotipologia",
          "tag": "project_subtype",
          "type": "select",
          "default": "ground_mounted",
          "enum": [
            {
              "title": "impianto a terra",
              "tag": "ground_mounted"
            },
            {
              "title": "agrovoltaico",
              "tag": "agripv"
            },
            {
              "title": "su tetto",
              "tag": "on_rooftop"
            },
            {
              "title": "su pertinenze/strutture e manufatti fuori terra diversi dagli edifici",
              "tag": "on_infrastructure"
            }
          ]
        },
        "power": {
          "title": "Potenza (kW)",
          "tag": "power",
          "type": "number",
          "default": 999
        },
        "location": {
          "title": "Destinazione area",
          "tag": "location",
          "type": "select",
          "default": "area_agricola",
          "enum": [
            {
              "title": "area agricola",
              "tag": "area_agricola"
            },
            {
              "reference": "Art. 22-bis, comma 1, D.lgs. 199/2021",
              "title": "area a destinazione industriale, artigianale e commerciale",
              "tag": "area_industriale"
            },
            {
              "reference": "Art. 22-bis, comma 1, D.lgs. 199/2021",
              "title": "discarica o lotto di discarica chiuso e ripristinato",
              "tag": "discarica"
            },
            {
              "reference": "Art. 22-bis, comma 1, D.lgs. 199/2021",
              "title": "cava o lotto o porzione di cava non suscettibile di ulteriore sfruttamento",
              "tag": "cava"
            },
            {
              "title": "zona A (D.M. 2 aprile 1968, n. 1444)",
              "tag": "zone_a"
            },
            {
              "title": "altro",
              "tag": "altra_area"
            }
          ]
        },
        "distance_zone_d": {
          "title": "Distanza da zona industriale (m)",
          "tag": "distance_zone_d",
          "type": "number",
          "default": 0,
          "disabled_on": "not tags.agripv"
        },
        "pas_threshold": {
          "title": "Soglia PAS applicabile (kW)",
          "tag": "pas_threshold",
          "type": "number",
          "default": 50
        },
        "region": {
          "title": "Regione",
          "type": "select",
          "default": "abruzzo",
          "enum": [
            {
              "title": "Abruzzo",
              "tag": "abruzzo"
            },
            {
              "title": "Basilicata",
              "tag": "basilicata"
            },
            {
              "title": "Calabria",
              "tag": "calabria"
            },
            {
              "title": "Campania",
              "tag": "campania"
            },
            {
              "title": "Emilia Romagna",
              "tag": "emilia_romagna"
            },
            {
              "title": "Lazio",
              "tag": "lazio"
            },
            {
              "title": "Lombardia",
              "tag": "lombardia"
            },
            {
              "title": "Marche",
              "tag": "marche"
            },
            {
              "title": "Molise",
              "tag": "molise"
            },
            {
              "title": "Puglia",
              "tag": "puglia"
            },
            {
              "title": "Piemonte",
              "tag": "piemonte"
            },
            {
              "title": "Sardegna",
              "tag": "sardegna"
            },
            {
              "title": "Sicilia",
              "tag": "sicilia"
            },
            {
              "title": "Veneto",
              "tag": "veneto"
            },
            {
              "title": "Umbria",
              "tag": "umbria"
            }
          ]
        },
        "municipality": {
          "title": "Comune",
          "tag": "municipality",
          "type": "string",
          "default": ""
        },
        "parcels": {
          "title": "Particelle",
          "tag": "parcels",
          "type": "string",
          "default": ""
        },
        "extension": {
          "title": "Estensione",
          "tag": "extension",
          "type": "string",
          "default": ""
        }
      }
    },
    "marche_form_1": {
      "section": "Marche - Aree non idonee (1/5)",
      "title": "Sottosistema geologico geomorfologico ed idrogeologico",
      "type": "checklist",
      "disabled_on": "not tags.marche",
      "enum": [
        {
          "title": "Art. 6 – aree di eccezionale valore GA",
          "tag": "marche_valore_ga"
        },
        {
          "title": "Art. 6 – aree di rilevante valore GB",
          "tag": "marche_valore_gb"
        },
        {
          "title": "Art. 6 – aree di qualità diffusa GC",
          "tag": "marche_valore_gc"
        }
      ]
    },
    "marche_form_2": {
      "section": "Marche - Aree non idonee (2/5)",
      "title": "Sottosistema botanico vegetazionale",
      "type": "checklist",
      "disabled_on": "not tags.marche",
      "enum": [
        {
          "title": "Art. 11 – aree di eccezionale valore BA",
          "tag": "marche_qualità_ba"
        },
        {
          "title": "Art. 11 – aree di rilevante valore BB",
          "tag": "marche_qualità_bb"
        },
        {
          "title": "Art. 11 – aree di qualità diffusa BC",
          "tag": "marche_qualità_bc"
        }
      ]
    },
    "marche_form_3": {
      "section": "Marche - Aree non idonee (3/5)",
      "title": "Sottosistemi territoriali",
      "type": "checklist",
      "disabled_on": "not tags.marche",
      "enum": [
        {
          "title": "Art. 20 - Aree A di eccezionale valore paesaggistico ambientale",
          "tag": "marche_aree_a"
        },
        {
          "title": "Art. 20 - Aree B di rilevante valore paesaggistico ambientale",
          "tag": "marche_aree_b"
        },
        {
          "title": "Art. 20 - Aree C di qualità diffusa",
          "tag": "marche_aree_c"
        },
        {
          "title": "Art. 20 - Aree V di alta percettività visuale",
          "tag": "marche_aree_v"
        }
      ]
    },
    "marche_form_4": {
      "section": "Marche - Aree non idonee (4/5)",
      "title": "Categorie della struttura geomorfologica",
      "type": "checklist",
      "disabled_on": "not tags.marche",
      "enum": [
        {
          "title": "Art. 28 – emergenze geologiche",
          "tag": "marche_emergenze_geologiche"
        },
        {
          "title": "Art. 28 – emergenze geomorfologiche",
          "tag": "marche_emergenze_geomorfologiche"
        },
        {
          "title": "Art. 28 – emergenze idrogeologiche",
          "tag": "marche_emergenze_idrogeologiche"
        },
        {
          "title": "Art. 29 – ambiti di tutela dei corsi d’acqua",
          "tag": "marche_tutela_corsi_acqua"
        },
        {
          "title": "Art. 30 – ambiti di tutela dei crinali",
          "tag": "marche_tutela_crinali"
        },
        {
          "title": "Art. 31 – versanti",
          "tag": "marche_versanti"
        },
        {
          "title": "Art. 32 – litorali marini",
          "tag": "marche_litorali"
        },
        {
          "title": "Art. 33 – aree floristiche",
          "tag": "marche_aree_floristiche"
        },
        {
          "title": "Art. 34 – foreste demaniali regionali e boschi",
          "tag": "marche_foreste_boschi"
        },
        {
          "title": "Art. 35 – pascoli",
          "tag": "marche_pascoli"
        },
        {
          "title": "Art. 36 – zone umide",
          "tag": "marche_zone_umide"
        },
        {
          "title": "Art. 37 – elementi diffusi del paesaggio agrario",
          "tag": "marche_paesaggio_agrario"
        },
        {
          "title": "Art. 38 – paesaggio agrario di interesse storico ambientale",
          "tag": "marche_paesaggio_agrario_interesse"
        },
        {
          "title": "Art. 39 – centri e nuclei storici",
          "tag": "marche_centri_storici"
        },
        {
          "title": "Art. 40 – edifici e manufatti storici",
          "tag": "marche_edifici_storici"
        }
      ]
    },
    "marche_form_5": {
      "section": "Marche - Aree non idonee (5/5)",
      "title": "Categorie costitutive del paesaggio",
      "type": "checklist",
      "disabled_on": "not tags.marche",
      "enum": [
        {
          "title": "Art. 41 – aree archeologiche identificate in base ai vincoli imposti dal D.lgs. 42/2004 (ex L.  1089/1939)",
          "tag": "marche_aree_archeologiche"
        },
        {
          "title": "Art. 41 – altre aree archeologiche di particolare interesse",
          "tag": "marche_altre_aree_archeologiche"
        },
        {
          "title": "Art. 41 – centuriazione relativa alle tracce della maglia poderale stabilita dagli insediamenti coloniali romani",
          "tag": "marche_centuriazione"
        },
        {
          "title": "Art. 41 – le strade consolari romane",
          "tag": "marche_strade_consolari"
        },
        {
          "title": "Art. 41 – aree con segnalazioni di ritrovamenti archeologici",
          "tag": "marche_ritrovamenti_archeologici"
        },
        {
          "title": "Art. 42 – luoghi di memoria storica",
          "tag": "marche_memoria_storica"
        },
        {
          "title": "Art. 43 – punti panoramici e strade panoramiche",
          "tag": "marche_punti_panoramici"
        },
        {
          "title": "Art. 53 – Parchi naturali regionali",
          "tag": "marche_parchi_regionali"
        },
        {
          "title": "Art. 54 – Riserve naturali regionali",
          "tag": "marche_riserve_regionali"
        },
        {
          "title": "Art. 55 – Parchi archeologici e storico culturali",
          "tag": "marche_parchi_archeo_storici"
        }
      ]
    },
    "repowering_characteristics": {
      "section": "Caratteristiche tecniche (repowering)",
      "title": "Caratteristiche tecniche (repowering)",
      "type": "checklist",
      "disabled_on": "not tags.repowering",
      "enum": [
        {
          "title": "senza incremento dell'area di impianto e opere connesse",
          "tag": "no_additional_areas"
        },
        {
          "title": "variazione altezza massima dal suolo < 50%",
          "tag": "half_height_increase",
          "disabled_on": "not tags.ground_mounted"
        },
        {
          "title": "variazione dell'area occupata > 20%",
          "tag": "area_increase_above_20pc"
        }
      ]
    },
    "agricultural_characteristics": {
      "section": "Caratteristiche tecniche (fotovoltaico in aree agricole)",
      "title": "Caratteristiche tecniche (fotovoltaico in aree agricole)",
      "type": "checklist",
      "disabled_on": "not (tags.photovoltaic_plant and tags.area_agricola) or tags.EUAP or tags.rete_natura_2000",
      "enum": [
        {
          "title": "impianto realizzato direttamente da imprenditori agricoli o da società a partecipazione congiunta",
          "tag": "agricultural_enterpreneur"
        },
        {
          "title": "pannelli solari sopra le piantagioni ad altezza > 2 metri dal suolo, senza fondazioni in cemento o difficilmente amovibili",
          "tag": "over_2m_height"
        },
        {
          "title": "compatibilità e integrazione con le attività agricole",
          "tag": "agricultural_integration"
        }
      ]
    },
    "rooftop_characteristics": {
      "section": "Caratteristiche tecniche (impianto a tetto)",
      "title": "Caratteristiche tecniche (impianto a tetto)",
      "type": "checklist",
      "disabled_on": "not tags.on_rooftop",
      "enum": [
        {
          "title": "aderenti o integrati",
          "tag": "rooftop_integrated"
        },
        {
          "title": "con la stessa inclinazione e lo stesso orientamento della falda",
          "tag": "rooftop_same_inclination"
        },
        {
          "title": "i cui componenti non modificano la sagoma degli edifici stessi",
          "tag": "rooftop_unmodified"
        },
        {
          "title": "superficie dell'impianto non superiore a quella del tetto su cui viene realizzato",
          "tag": "rooftop_same_surface"
        },
        {
          "title": "pannelli visibili dagli spazi pubblici esterni e dai punti di vista panoramici",
          "tag": "rooftop_visibility"
        },
        {
          "title": "coperture in materiali della tradizione locale",
          "tag": "rooftop_traditional_materials"
        },
        {
          "title": "su fabbricato rurale",
          "tag": "rooftop_rural_building",
          "disabled_on": "tags.rooftop_productive_building or tags.rooftop_residential_building"
        },
        {
          "title": "su fabbricato ad uso produttivo",
          "tag": "rooftop_productive_building",
          "disabled_on": "tags.rooftop_rural_building or tags.rooftop_residential_building"
        },
        {
          "title": "su fabbricato ad uso residenziale",
          "tag": "rooftop_residential_building",
          "disabled_on": "tags.rooftop_rural_building or tags.rooftop_productive_building"
        },
        {
          "title": "senza variazione in aumento inclinazione tra piano moduli e superficie",
          "tag": "rooftop_no_increase_inclination"
        },
        {
          "title": "in sostituzione di coperture con rimozione dell'eternit o dell'amianto",
          "tag": "rooftop_asbestos"
        }
      ]
    },
    "townplanning_compatibility": {
      "section": "Compatibilità urbanistica",
      "title": "Compatibilità urbanistica",
      "tag": "townplanning_compatibility",
      "type": "checklist",
      "enum": [
        {
          "title": "Ambito di rispetto stradale: A: autostrade (60m)",
          "tag": "buffer_roads_a"
        },
        {
          "title": "Ambito di rispetto stradale: B: extraurbane principali (40m)",
          "tag": "buffer_roads_b"
        },
        {
          "title": "Ambito di rispetto stradale: C: extraurbane secondarie (30m)",
          "tag": "buffer_roads_c"
        },
        {
          "title": "Ambito di rispetto stradale: F: strade locali (20m)",
          "tag": "buffer_roads_f"
        },
        {
          "title": "Ambito di rispetto cimiteriale",
          "tag": "buffer_cemetery"
        },
        {
          "title": "Ambito di rispetto elettrodotti",
          "tag": "buffer_powerlines"
        },
        {
          "title": "Ambito di rispetto metanodotti",
          "tag": "buffer_gaspipelines"
        },
        {
          "title": "Ambito di rispetto acquedotti",
          "tag": "buffer_waterpipes"
        },
        {
          "title": "Ambito di rispetto corsi d'acqua",
          "tag": "buffer_watercourses"
        },
        {
          "title": "Ambito di rispetto dei pozzi",
          "tag": "buffer_wells"
        },
        {
          "title": "Ambito di rispetto crinali",
          "tag": "buffer_ridges"
        },
        {
          "title": "Oliveti",
          "tag": "olivetrees"
        },
        {
          "title": "Quercie isolate",
          "tag": "oaks"
        },
        {
          "title": "Alberature poderali",
          "tag": "fieldtrees"
        },
        {
          "title": "Viali alberati",
          "tag": "tree_lined_avenue"
        }
      ]
    },
    "landscape_constraints_art142": {
      "section": "Beni paesaggistici ope legis",
      "title": "Beni paesaggistici ope legis",
      "type": "checklist",
      "enum": [
        {
          "reference": "Art. 142, comma 1 lett. a), D.lgs. 42/2004",
          "title": "Territori costieri compresi in una fascia della profondità di 300 metri dalla linea di battigia",
          "caption": "a) i territori costieri compresi in una fascia della profondità di 300 metri dalla linea di battigia, anche per i terreni elevati sul mare;",
          "tag": "art142_a"
        },
        {
          "reference": "Art. 142, comma 1 lett. b), D.lgs. 42/2004",
          "title": "Territori contermini ai laghi compresi in una fascia della profondità di 300 metri dalla linea di battigia, anche per i territori elevati sui laghi",
          "caption": "b) i territori contermini ai laghi compresi in una fascia della profondità di 300 metri dalla linea di battigia, anche per i territori elevati sui laghi;",
          "tag": "art142_b"
        },
        {
          "reference": "Art. 142, comma 1 lett. c), D.lgs. 42/2004",
          "title": "Corsi d'acqua e le relative sponde o piedi degli argini per una fascia di 150 metri",
          "caption": "c) i fiumi, i torrenti, i corsi d'acqua iscritti negli elenchi previsti dal testo unico delle disposizioni di legge sulle acque ed impianti elettrici, approvato con regio decreto 11 dicembre 1933, n. 1775, e le relative sponde o piedi degli argini per una fascia di 150 metri ciascuna;",
          "tag": "art142_c"
        },
        {
          "reference": "Art. 142, comma 1 lett. d), D.lgs. 42/2004",
          "title": "Montagne oltre 1.600 metri s.l.m. per la catena alpina e 1.200 metri per la catena appenninica e per le isole",
          "caption": "d) le montagne per la parte eccedente 1.600 metri sul livello del mare per la catena alpina e 1.200 metri sul livello del mare per la catena appenninica e per le isole;",
          "tag": "art142_d",
          "condition": "tags.screening_criteria_4_3_3s1"
        },
        {
          "reference": "Art. 142, comma 1 lett. e), D.lgs. 42/2004",
          "title": "Ghiacciai e i circhi glaciali",
          "caption": "e) i ghiacciai e i circhi glaciali;",
          "tag": "art142_e"
        },
        {
          "reference": "Art. 142, comma 1 lett. f), D.lgs. 42/2004",
          "title": "Parchi e riserve nazionali o regionali, nonché i territori di protezione esterna dei parchi",
          "caption": "f) i parchi e le riserve nazionali o regionali, nonché i territori di protezione esterna dei parchi;",
          "tag": "art142_f",
          "condition": "tags.screening_criteria_4_3_4 or tags.EUAP"
        },
        {
          "reference": "Art. 142, comma 1 lett. g), D.lgs. 42/2004",
          "title": "Territori coperti da foreste e da boschi, ancorché percorsi o danneggiati dal fuoco, e sottoposti a vincolo di rimboschimento",
          "caption": "g) i territori coperti da foreste e da boschi, ancorché percorsi o danneggiati dal fuoco, e quelli sottoposti a vincolo di rimboschimento, come definiti dall'articolo 2, commi 2 e 6, del decreto legislativo 18 maggio 2001, n. 227;",
          "tag": "art142_g",
          "condition": "tags.screening_criteria_4_3_3s2"
        },
        {
          "reference": "Art. 142, comma 1 lett. h), D.lgs. 42/2004",
          "title": "Aree assegnate alle università agrarie e zone gravate da usi civici",
          "caption": "h) le aree assegnate alle università agrarie e le zone gravate da usi civici;",
          "tag": "art142_h"
        },
        {
          "reference": "Art. 142, comma 1 lett. i), D.lgs. 42/2004",
          "title": "Zone umide",
          "caption": "i) le zone umide incluse nell'elenco previsto dal decreto del Presidente della Repubblica 13 marzo 1976, n. 448;",
          "tag": "art142_i",
          "condition": "tags.ramsar"
        },
        {
          "reference": "Art. 142, comma 1 lett. l), D.lgs. 42/2004",
          "title": "Vulcani",
          "caption": "l) i vulcani;",
          "tag": "art142_l"
        },
        {
          "reference": "Art. 142, comma 1 lett. m), D.lgs. 42/2004",
          "title": "Zone di interesse archeologico",
          "caption": "m) le zone di interesse archeologico.",
          "tag": "art142_m"
        }
      ]
    },
    "landscape_constraints_art136": {
      "section": "Beni paesaggistici decretati",
      "title": "Beni paesaggistici decretati",
      "type": "checklist",
      "enum": [
        {
          "reference": "Artt. 136 e 157, D.lgs. 42/2004",
          "title": "Vincolo paesaggistico (statale) da dichiarazione di notevole interesse pubblico ai sensi degli artt. 136 e 157",
          "caption": "beni sottoposti a vincolo paesaggistico da dichiarazione di notevole interesse pubblico ai sensi degli artt. 136 e 157 (STATALE)",
          "tag": "art136_statale"
        },
        {
          "reference": "Artt. 136 e 157, D.lgs. 42/2004",
          "title": "Vincolo paesaggistico (regionale) da dichiarazione di notevole interesse pubblico ai sensi degli artt. 136 e 157",
          "caption": "beni sottoposti a vincolo paesaggistico da dichiarazione di notevole interesse pubblico ai sensi degli artt. 136 e 157 (STATALE)",
          "tag": "art136_regionale"
        },
        {
          "reference": "Art. 142, comma 1 lett. m), D.lgs. 42/2004",
          "title": "Zone di interesse archeologico",
          "caption": "m) le zone di interesse archeologico.",
          "tag": "art142_m"
        }
      ]
    },
    "cultural_constraints": {
      "section": "Beni culturali",
      "title": "Beni culturali",
      "type": "checkform",
      "feature_order": ["constraints", "distance_cultural_assets"],
      "properties": {
        "cultural_constraints": {
          "reference": "Parte II, D.lgs. 42/2004",
          "title": "Vincoli ai sensi della parte seconda del D.lgs. 42/2004 (beni culturali)",
          "type": "select",
          "default": "no_cultural_constraints",
          "enum": [
            {
              "title": "si",
              "tag": "cultural_constraints"
            },
            {
              "title": "no",
              "tag": "no_cultural_constraints"
            }
          ]
        },
        "distance_cultural_assets": {
          "title": "Distanza da beni culturali (m)",
          "type": "number",
          "tag": "distance_cultural_assets",
          "default": 0
        }
      }
    },
    "suitability": {
      "section": "Aree idonee d.lgs. 199/2021",
      "title": "Aree idonee d.lgs. 199/2021",
      "disabled_on": "tags.art22bis",
      "type": "checklist",
      "enum": [
        {
          "reference": "Art. 20, comma 8 lett. a), D.lgs. 199/2021",
          "title": "Aree occupate da impianti della stessa fonte per interventi di modifica",
          "caption": "a) i siti ove sono già installati impianti della stessa fonte e in cui vengono realizzati interventi di modifica, anche sostanziale, per rifacimento, potenziamento o integrale ricostruzione, eventualmente abbinati a sistemi di accumulo, che non comportino una variazione dell'area occupata superiore al 20 per cento. Il limite percentuale di cui al primo periodo non si applica per gli impianti fotovoltaici, in relazione ai quali la variazione dell'area occupata è soggetta al limite di cui alla lettera c-ter), numero 1);",
          "tag": "art20_a",
          "disabled_on": "not tags.repowering"
        },
        {
          "reference": "Art. 20, comma 8 lett. b), D.lgs. 199/2021",
          "title": "Siti oggetto di bonifica",
          "caption": "b) le aree dei siti oggetto di bonifica individuate ai sensi del Titolo V, Parte quarta, del decreto legislativo 3 aprile 2006, n. 152;",
          "tag": "art20_b"
        },
        {
          "reference": "Art. 20, comma 8 lett. c), D.lgs. 199/2021",
          "title": "Cave e miniere cessate",
          "caption": "c) le cave e miniere cessate, non recuperate o abbandonate o in condizioni di degrado ambientale, o le porzioni di cave e miniere non suscettibili di ulteriore sfruttamento;",
          "tag": "art20_c"
        },
        {
          "reference": "Art. 20, comma 8 lett. c-bis), D.lgs. 199/2021",
          "title": "Aree RFI e concessionari autostradali",
          "caption": "c-bis) i siti e gli impianti nelle disponibilità delle società del gruppo Ferrovie dello Stato italiane e dei gestori di infrastrutture ferroviarie nonché delle società concessionarie autostradali;",
          "tag": "art20_c_bis"
        },
        {
          "reference": "Art. 20, comma 8 lett. c-bis.1), D.lgs. 199/2021",
          "title": "Aree aeroportuali",
          "caption": "c-bis.1) i siti e gli impianti nella disponibilità delle società di gestione aeroportuale all'interno dei sedimi aeroportuali, ivi inclusi quelli all'interno del perimetro di pertinenza degli aeroporti delle isole minori di cui all'allegato 1 al decreto del Ministro dello sviluppo economico 14 febbraio 2017, pubblicato nella Gazzetta Ufficiale n. 114 del 18 maggio 2017, ferme restando le necessarie verifiche tecniche da parte dell'Ente nazionale per l'aviazione civile (ENAC);",
          "tag": "art20_c_bis_1"
        },
        {
          "reference": "Art. 20, comma 8 lett. c-ter) sub 1), D.lgs. 199/2021",
          "title": "Aree agricole entro 500m da zone industriali, SIN, cave e miniere",
          "caption": "1) le aree classificate agricole, racchiuse in un perimetro i cui punti distino non più di 500 metri da zone a destinazione industriale, artigianale e commerciale, compresi i siti di interesse nazionale, nonché le cave e le miniere",
          "tag": "art20_c_ter_1",
          "disabled_on": "tags.cultural_constraints or not tags.area_agricola"
        },
        {
          "reference": "Art. 20, comma 8 lett. c-ter) sub 2), D.lgs. 199/2021",
          "title": "Aree interne a impianti industriali e stabilimenti",
          "caption": "2) le aree interne agli impianti industriali e agli stabilimenti, questi ultimi come definiti dall'articolo 268, comma 1, lettera h), del decreto legislativo 3 aprile 2006, n. 152, nonché le aree classificate agricole racchiuse in un perimetro i cui punti distino non più di 500 metri dal medesimo impianto o stabilimento",
          "tag": "art20_c_ter_2p1",
          "disabled_on": "tags.cultural_constraints"
        },
        {
          "reference": "Art. 20, comma 8 lett. c-ter) sub 2), D.lgs. 199/2021",
          "title": "Aree agricole entro 500m da impianti industriali e stabilimenti",
          "caption": "2) le aree interne agli impianti industriali e agli stabilimenti, questi ultimi come definiti dall'articolo 268, comma 1, lettera h), del decreto legislativo 3 aprile 2006, n. 152, nonché le aree classificate agricole racchiuse in un perimetro i cui punti distino non più di 500 metri dal medesimo impianto o stabilimento",
          "tag": "art20_c_ter_2p2",
          "disabled_on": "tags.cultural_constraints or not tags.area_agricola"
        },
        {
          "reference": "Art. 20, comma 8 lett. c-ter) sub 3), D.lgs. 199/2021",
          "title": "Aree entro 300m da autostrade",
          "caption": "3) le aree adiacenti alla rete autostradale entro una distanza non superiore a 300 metri",
          "tag": "art20_c_ter_3",
          "disabled_on": "tags.cultural_constraints"
        },
        {
          "reference": "Art. 20, comma 8 lett. c-quater), D.lgs. 199/2021",
          "title": "Altre aree (c-quater)",
          "caption": "c-quater) fatto salvo quanto previsto alle lettere a), b), c), c-bis) e c-ter), le aree che non sono ricomprese nel perimetro dei beni sottoposti a tutela ai sensi del decreto legislativo 22 gennaio 2004, n. 42, incluse le zone gravate da usi civici di cui all'articolo 142, comma 1, lettera h), del medesimo decreto, né ricadono nella fascia di rispetto dei beni sottoposti a tutela ai sensi della parte seconda oppure dell'articolo 136 del medesimo decreto legislativo. Ai soli fini della presente lettera, la fascia di rispetto è determinata considerando una distanza dal perimetro di beni sottoposti a tutela di tre chilometri per gli impianti eolici e di cinquecento metri per gli impianti fotovoltaici. Resta ferma, nei procedimenti autorizzatori, la competenza del Ministero della cultura a esprimersi in relazione ai soli progetti localizzati in aree sottoposte a tutela secondo quanto previsto all'articolo 12, comma 3-bis, del decreto legislativo 29 dicembre 2003, n. 387",
          "tag": "art20_c_quater",
          "condition": "not (tags.cultural_constraints or tags.distance_cultural_assets < 500 or tags.landscape_constraint_art142 or tags.landscape_constraint_art136)",
          "disabled_on": "tags.art20_a or tags.art20_b or tags.art20_c or tags.art20_c_bis or tags.art20_c_bis_1 or tags.art20_c_ter_1 or tags.art20_c_ter_2p1 or tags.art20_c_ter_2p2 or tags.art20_c_ter_3 or tags.cultural_constraints or tags.distance_cultural_assets < 500 or tags.landscape_constraint_art142 or tags.landscape_constraint_art136"
        }
      ]
    },
    "draftdecree": {
      "section": "Aree idonee bozza decreto",
      "title": "Aree idonee bozza decreto",
      "disabled_on": "tags.art22bis",
      "type": "checklist",
      "enum": [
        {
          "reference": "Art. 8 lett. f) numero 1, bozza decreto",
          "title": "Aree occupate da impianti della stessa fonte per interventi di modifica",
          "tag": "art8f_1_decree",
          "disabled_on": "not tags.repowering"
        },
        {
          "reference": "Art. 8 lett. f) numero 2, bozza decreto",
          "title": "Siti oggetto di bonifica",
          "tag": "art8f_2_decree"
        },
        {
          "reference": "Art. 8 lett. f) numero 3, bozza decreto",
          "title": "Cave e miniere cessate",
          "tag": "art8f_3_decree"
        },
        {
          "reference": "Art. 8 lett. f) numero 4, bozza decreto",
          "title": "Aree RFI e concessionari autostradali",
          "tag": "art8f_4_decree"
        },
        {
          "reference": "Art. 8 lett. f) numero 5, bozza decreto",
          "title": "Aree aeroportuali",
          "tag": "art8f_5_decree"
        },
        {
          "reference": "Art. 8 lett. f) numero 6.i, bozza decreto",
          "title": "Aree agricole entro 500m da zone industriali, SIN, cave e miniere",
          "tag": "art8f_6i_decree",
          "disabled_on": "tags.cultural_constraints or not tags.area_agricola"
        },
        {
          "reference": "Art. 8 lett. f) numero 6.ii, bozza decreto",
          "title": "Aree interne a impianti industriali e stabilimenti",
          "tag": "art8f_6iip1_decree",
          "disabled_on": "tags.cultural_constraints"
        },
        {
          "reference": "Art. 8 lett. f) numero 6.ii, bozza decreto",
          "title": "Aree agricole entro 500m da impianti industriali e stabilimenti",
          "tag": "art8f_6iip2_decree",
          "disabled_on": "tags.cultural_constraints or not tags.area_agricola"
        },
        {
          "reference": "Art. 8 lett. f) numero 6.iii, bozza decreto",
          "title": "Aree entro 300m da autostrade",
          "tag": "art8f_6iii_decree",
          "disabled_on": "tags.cultural_constraints"
        },
        {
          "reference": "Art. 8 lett. f) numero 7, bozza decreto",
          "title": "Altre aree (c-quater)",
          "tag": "art8f_7_decree",
          "condition": "not (tags.cultural_constraints or tags.distance_cultural_assets < 500 or tags.landscape_constraint_art142 or tags.landscape_constraint_art136)",
          "disabled_on": "tags.art20_a or tags.art20_b or tags.art20_c or tags.art20_c_bis or tags.art20_c_bis_1 or tags.art20_c_ter_1 or tags.art20_c_ter_2p1 or tags.art20_c_ter_2p2 or tags.art20_c_ter_3 or tags.cultural_constraints or tags.distance_cultural_assets < 500 or tags.landscape_constraint_art142 or tags.landscape_constraint_art136"
        },
        {
          "reference": "Art. 8 lett. f) numero 8, bozza decreto",
          "title": "Beni del demanio militare o in uso al Ministero della Difesa",
          "tag": "art8f_8_decree"
        },
        {
          "reference": "Art. 8 lett. f) numero 9, bozza decreto",
          "title": "Beni del demanio o in uso al Ministero dell'Interno, Giustizia e uffici giudiziari",
          "tag": "art8f_9_decree"
        },
        {
          "reference": "Art. 8 lett. f) numero 10, bozza decreto",
          "title": "Beni immobili di proprietà dello Stato non in programmi di valorizzazione o dismissione o beni statali",
          "tag": "art8f_10_decree"
        },
        {
          "reference": "Art. 8 lett. f) numero 11, bozza decreto",
          "title": "Superfici di edifici, strutture e manufatti per impianti fotovoltaici e aree per opere di connessione ex art. 7-bis comma 5 d.lgs. 28/2011",
          "tag": "art8f_11_decree",
          "condition": "tags.art7bis_comma5_dlgs28_2011"
        }
      ]
    },
    "national_guidelines": {
      "section": "Aree non idonee Linee Guida Nazionali",
      "title": "Aree non idonee Linee Guida Nazionali",
      "type": "checklist",
      "enum": [
        {
          "reference": "Allegato 3, lett. f) DM 10/09/2010",
          "title": "Siti UNESCO, di notevole interesse culturale e di notevole interesse pubblico ex art. 136 d.lgs. 42/2004",
          "caption": "- *i siti inseriti nella lista del patrimonio mondiale dell'UNESCO, le aree ed i beni di notevole interesse culturale di cui alla Parte Seconda del d.lgs 42 del 2004, nonché gli immobili e le aree dichiarati di notevole interesse pubblico ai sensi dell'art. 136 dello stesso decreto legislativo;*",
          "tag": "dm10sett2010_1",
          "condition": "tags.dm10sett2010_1 or tags.landscape_constraint_art136"
        },
        {
          "reference": "Allegato 3, lett. f) DM 10/09/2010",
          "title": "Zone all'interno di coni visuali",
          "caption": "- *zone all'interno di coni visuali la cui immagine è storicizzata e identifica i luoghi anche in termini di notorietà internazionale di attrattività turistica;*",
          "tag": "dm10sett2010_2"
        },
        {
          "reference": "Allegato 3, lett. f) DM 10/09/2010",
          "title": "Zone in prossimità di parchi archeologici e beni di interesse culturale, storico e/o religioso",
          "caption": "- *zone situate in prossimità di parchi archeologici e nelle aree contermini ad emergenze di particolare interesse culturale, storico e/o religioso;*",
          "tag": "dm10sett2010_3"
        },
        {
          "reference": "Allegato 3, lett. f) DM 10/09/2010",
          "title": "Aree naturali protette",
          "caption": "- *le aree naturali protette ai diversi livelli (nazionale, regionale, locale istituite ai sensi della Legge 394/91 ed inserite nell'Elenco Ufficiale delle Aree Naturali Protette, con particolare riferimento alle aree di riserva integrale e di riserva generale orientata di cui all'articolo 12, comma 2, lettere a) e b) della legge 394/91 ed equivalenti a livello regionale;*",
          "tag": "EUAP",
          "condition": "tags.art142_f"
        },
        {
          "reference": "Allegato 3, lett. f) DM 10/09/2010",
          "title": "Zone umide (Ramsar)",
          "caption": "- *le zone umide di importanza internazionale designate ai sensi della Convenzione di Ramsar;*",
          "tag": "ramsar",
          "condition": "tags.screening_criteria_4_3_1"
        },
        {
          "reference": "Allegato 3, lett. f) DM 10/09/2010",
          "title": "Aree della Rete Natura 2000 (SIC, ZPS)",
          "caption": "- *le aree incluse nella Rete Natura 2000 designate in base alla Direttiva 92/43/CEE (Siti di importanza Comunitaria) ed alla Direttiva 79/409/CEE (Zone di Protezione Speciale);*",
          "tag": "rete_natura_2000",
          "condition": "tags.screening_criteria_4_3_5"
        },
        {
          "reference": "Allegato 3, lett. f) DM 10/09/2010",
          "title": "Important Bird Areas (IBA)",
          "caption": "- *le Important Bird Areas (I.B.A.);*",
          "tag": "dm10sett2010_7"
        },
        {
          "reference": "Allegato 3, lett. f) DM 10/09/2010",
          "title": "Aree determinanti per la conservazione della biodiversità",
          "caption": "- *le aree non comprese in quelle di cui ai punti precedenti ma che svolgono funzioni determinanti per la conservazione della biodiversità (fasce di rispetto o aree contigue delle aree naturali protette; istituende aree naturali protette oggetto di proposta del Governo ovvero di disegno di legge regionale approvato dalla Giunta; aree di connessione e continuità ecologico-funzionale tra i vari sistemi naturali e seminaturali; aree di riproduzione, alimentazione e transito di specie faunistiche protette; aree in cui è accertata la presenza di specie animali e vegetali soggette a tutela dalle Convezioni internazionali (Berna, Bonn, Parigi, Washington, Barcellona) e dalle Direttive comunitarie (79/409/CEE e 92/43/CEE), specie rare, endemiche, vulnerabili, a rischio di estinzione;*",
          "tag": "dm10sett2010_8"
        },
        {
          "reference": "Allegato 3, lett. f) DM 10/09/2010",
          "title": "Aree agricole interessate da produzioni di qualità",
          "caption": "- *le aree agricole interessate da produzioni agricolo-alimentari di qualità (produzioni biologiche, produzioni D.O.P., I.G.P., S.T.G., D.O.C., D.O.C.G., produzioni tradizionali) e/o di particolare pregio rispetto al contesto paesaggistico-culturale, in coerenza e per le finalità di cui all'art. 12, comma 7, del decreto legislativo 387 del 2003 anche con riferimento alle aree, se previste dalla programmazione regionale, caratterizzate da un'elevata capacità d'uso del suolo;*",
          "tag": "dm10sett2010_9",
          "disabled_on": "not tags.area_agricola"
        },
        {
          "reference": "Allegato 3, lett. f) DM 10/09/2010",
          "title": "Aree in situazione di dissesto o rischio idrogeologico",
          "caption": "- *le aree caratterizzate da situazioni di dissesto e/o rischio idrogeologico perimetrate nei Piani di Assetto Idrogeologico (P.A.I.) adottati dalle competenti Autorità di Bacino ai sensi del D.L. 180/98 e s.m.i.;*",
          "tag": "dm10sett2010_10"
        },
        {
          "reference": "Allegato 3, lett. f) DM 10/09/2010",
          "title": "Zone tutelate dall'art. 142 d.lgs. 42/2004",
          "caption": "- *zone individuate ai sensi dell'art. 142 del d. lgs. 42 del 2004 valutando la sussistenza di particolari caratteristiche che le rendano incompatibili con la realizzazione degli impianti;*",
          "tag": "dm10sett2010_11",
          "condition": "tags.landscape_constraint_art142"
        }
      ]
    },
    "screening_guidelines": {
      "section": "Linee Guida Screening DM 30/03/2015",
      "title": "Linee Guida Screening DM 30/03/2015",
      "type": "checklist",
      "disabled_on": "tags.via and not tags.screening_criteria",
      "enum": [
        {
          "reference": "Linee Guida Screening DM 30/03/2015",
          "title": "4.1. Cumulo con altri progetti",
          "tag": "screening_criteria_4_1"
        },
        {
          "reference": "Linee Guida Screening DM 30/03/2015",
          "title": "4.2. Rischio di incidenti, per quanto riguarda, in particolare, le sostanze o le tecnologie utilizzate",
          "tag": "screening_criteria_4_2"
        },
        {
          "reference": "Linee Guida Screening DM 30/03/2015",
          "title": "4.3.1. Zone umide",
          "caption": "zone umide di importanza internazionale (Ramsar)",
          "tag": "screening_criteria_4_3_1",
          "condition": "tags.art142_i"
        },
        {
          "reference": "Linee Guida Screening DM 30/03/2015",
          "title": "4.3.2. Zone costiere",
          "caption": "vincoli di cui al Codice dei beni culturali e del paesaggio (art. 142) - Aree di rispetto coste e corpi idrici",
          "tag": "screening_criteria_4_3_2",
          "condition": "tags.art142_a or tags.art142_b"
        },
        {
          "reference": "Linee Guida Screening DM 30/03/2015",
          "title": "4.3.3. Zone montuose",
          "caption": "vincoli di cui al Codice dei beni culturali e del paesaggio (art. 142) - Montagne oltre 1600 o 1200 metri; piano forestale regionale/provinciale; in assenza di piano forestale vedi vincoli di cui al Codice dei beni culturali e del paesaggio (art. 142) - Boschi",
          "tag": "screening_criteria_4_3_3s1",
          "condition": "tags.art142_d"
        },
        {
          "reference": "Linee Guida Screening DM 30/03/2015",
          "title": "4.3.3. Zone forestali",
          "caption": "vincoli di cui al Codice dei beni culturali e del paesaggio (art. 142) - Montagne oltre 1600 o 1200 metri; piano forestale regionale/provinciale; in assenza di piano forestale vedi vincoli di cui al Codice dei beni culturali e del paesaggio (art. 142) - Boschi",
          "tag": "screening_criteria_4_3_3s2",
          "condition": "tags.art142_g"
        },
        {
          "reference": "Linee Guida Screening DM 30/03/2015",
          "title": "4.3.4. Riserve e parchi naturali, zone classificate o protette ai sensi della normativa nazionale",
          "caption": "Elenco ufficiale aree naturali protette (EUAP)",
          "tag": "screening_criteria_4_3_4",
          "condition": "tags.art142_f"
        },
        {
          "reference": "Linee Guida Screening DM 30/03/2015",
          "title": "4.3.5. Zone protette speciali designate ai sensi delle direttive 2009/147/CE e 92/43/CEE",
          "caption": "Siti di importanza comunitaria (SIC), Zone di protezione speciale (ZPS)",
          "tag": "screening_criteria_4_3_5",
          "condition": "tags.rete_natura_2000"
        },
        {
          "reference": "Linee Guida Screening DM 30/03/2015",
          "title": "4.3.6. Zone nelle quali gli standard di qualità ambientale fissati dalla normativa dell'Unione europea sono già stati superati",
          "caption": "dati di qualità delle acque superficiali e sotterranee",
          "tag": "screening_criteria_4_3_6"
        },
        {
          "reference": "Linee Guida Screening DM 30/03/2015",
          "title": "4.3.7. Zone a forte densità demografica",
          "caption": "zone a forte densità demografica si intendono i centri abitati, così come delimitati dagli strumenti urbanistici comunali, posti all'interno dei territori comunali con densità superiore a 500 abitanti per km2 e popolazione di almeno 50.000 abitanti (EUROSTAT)",
          "tag": "screening_criteria_4_3_7"
        },
        {
          "reference": "Linee Guida Screening DM 30/03/2015",
          "title": "4.3.8. Zone di importanza storica, culturale o archeologica",
          "caption": "immobili e le aree di cui all'art. 136 del Codice dei beni culturali e del paesaggio di cui al decreto legislativo n. 42/2004 dichiarati di notevole interesse pubblico ai sensi dell'art. 140 del medesimo decreto e gli immobili e le aree di interesse artistico, storico, archeologico o etnoantropologico di cui all'art. 10, comma 3, lettera a), del medesimo decreto",
          "tag": "screening_criteria_4_3_8",
          "condition": "tags.landscape_constraint_art136"
        }
      ]
    },
    "pai": {
      "section": "Piano Assetto Idrogeologico",
      "title": "Piano Assetto Idrogeologico",
      "type": "checkform",
      "feature_order": ["pai_landslide", "pai_avalanche", "pai_flood"],
      "properties": {
        "pai_landslide": {
          "title": "Rischio Frana",
          "tag": "pai_landslide",
          "type": "select",
          "default": "pai_landslide_na",
          "enum": [
            {
              "title": "non presente",
              "tag": "pai_landslide_na"
            },
            {
              "title": "moderato (R1)",
              "tag": "pai_landslide_r1"
            },
            {
              "title": "medio (R2)",
              "tag": "pai_landslide_r2"
            },
            {
              "title": "elevato (R3)",
              "tag": "pai_landslide_r3"
            },
            {
              "title": "molto elevato (R4)",
              "tag": "pai_landslide_r4"
            }
          ]
        },
        "pai_avalanche": {
          "title": "Rischio Valanga",
          "tag": "pai_avalanche",
          "type": "select",
          "default": "pai_avalanche_na",
          "enum": [
            {
              "title": "non presente",
              "tag": "pai_avalanche_na"
            },
            {
              "title": "moderato (R1)",
              "tag": "pai_avalanche_r1"
            },
            {
              "title": "medio (R2)",
              "tag": "pai_avalanche_r2"
            },
            {
              "title": "elevato (R3)",
              "tag": "pai_avalanche_r3"
            },
            {
              "title": "molto elevato (R4)",
              "tag": "pai_avalanche_r4"
            }
          ]
        },
        "pai_flood": {
          "title": "Rischio Esondazione",
          "tag": "pai_flood",
          "type": "select",
          "default": "pai_flood_na",
          "enum": [
            {
              "title": "non presente",
              "tag": "pai_flood_na"
            },
            {
              "title": "moderato (R1)",
              "tag": "pai_flood_r1"
            },
            {
              "title": "medio (R2)",
              "tag": "pai_flood_r2"
            },
            {
              "title": "elevato (R3)",
              "tag": "pai_flood_r3"
            },
            {
              "title": "molto elevato (R4)",
              "tag": "pai_flood_r4"
            }
          ]
        }
      }
    }
  }
}
